Publisher Title,Publisher Name,Views,Visits,Period Name
Office for National Statistics,office-for-national-statistics,378919,175723,all
Department for Communities and Local Government,department-for-communities-and-local-government,161855,84399,all
NHS Information Centre for Health and Social Care,nhs-information-centre-for-health-and-social-care,144704,67893,all
Department for Transport,department-for-transport,103864,44356,all
"Department for Business, Innovation and Skills",department-for-business-innovation-and-skills,81794,46146,all
"Department for Environment, Food and Rural Affairs",department-for-environment-food-and-rural-affairs,69855,30909,all
Home Office,home-office,57835,23623,all
Department of Health,department-of-health,50884,25989,all
British Geological Survey,british-geological-survey,49892,21103,all
Environment Agency,environment-agency,48410,19459,all
Ordnance Survey,ordnance-survey,47507,18376,all
Cabinet Office,cabinet-office,45371,23125,all
"Department for Children, Schools and Families",department-for-children-schools-and-families,44343,25220,all
Land Registry,land-registry,43791,12825,all
Department for Education,department-for-education,38761,18444,all
Treasury Solicitor's Department,treasury-solicitors-department,38745,21016,all
Transport Direct,transport-direct,34186,14628,all
Department for Work and Pensions,department-for-work-and-pensions,31492,17156,all
Department of Energy and Climate Change,department-of-energy-and-climate-change,30442,15701,all
Ministry of Defence,ministry-of-defence,28127,13042,all
Vehicle and Operator Services Agency,vehicle-and-operator-services-agency,26228,14592,all
Ministry of Justice,ministry-of-justice,25053,12958,all
Welsh Government,welsh-government,24685,11479,all
ISD Scotland,isd-scotland,23544,13713,all
Met Office,met-office,22850,8445,all
Highways Agency,highways-agency,22390,10873,all
Her Majesty's Treasury,her-majestys-treasury,21418,10221,all
Centre for Ecology & Hydrology,centre-for-ecology-hydrology,18611,7080,all
Scottish Government Spatial Data Infrastructure,scottish-government-spatial-data-infrastructure,18593,7579,all
NHS Connecting for Health,nhs-connecting-for-health,17808,9569,all
BusinessLink,businesslink,17750,10773,all
Scottish Government,scottish-government,17082,8947,all
Her Majesty's Revenue and Customs,her-majestys-revenue-and-customs,15453,5832,all
Foreign and Commonwealth Office,foreign-and-commonwealth-office,11702,3606,all
United Kingdom Hydrographic Office,united-kingdom-hydrographic-office,10309,5452,all
Welsh Government Spatial Data Infrastructure,welsh-government-spatial-data-infrastructure,10142,4347,all
English Heritage,english-heritage,9995,4468,all
Northern Ireland Spatial Data Infrastructure,northern-ireland-spatial-data-infrastructure,9940,3147,all
Warwickshire County Council,warwickshire-county-council,9318,4598,all
Barrow Borough Council,barrow-borough-council,8069,1155,all
Healthcare Quality Improvement Partnership,healthcare-quality-improvement-partnership,7769,2720,all
Bristol City Council,bristol-city-council,7706,2978,all
East Sussex County Council,east-sussex-county-council,5990,3418,all
Skills Funding Agency,skills-funding-agency,5894,1680,all
Food Standards Agency,food-standards-agency,5771,1865,all
Identity & Passport Service,identity-passport-service,5508,3956,all
Department for International Development,department-for-international-development,4909,1509,all
NHS Choices,nhs-choices,4880,3222,all
"Department of Health, Social Services and Public Safety",department-of-health-social-services-and-public-safety,4794,2445,all
Northern Ireland Statistics and Research Agency,northern-ireland-statistics-and-research-agency,4754,2459,all
Crown Prosecution Service,crown-prosecution-service,4342,1873,all
Forestry Commission,forestry-commission,4094,1549,all
Defence Infrastructure Organisation,defence-infrastructure-organisation,4035,1901,all
High Speed 2 Limited,high-speed-2,3982,1774,all
Companies House,companies-house,3801,660,all
Office of Government Commerce,office-of-government-commerce,3798,2299,all
Health and Safety Executive,health-and-safety-executive,3684,1834,all
Natural England,natural-england,3684,1544,all
"Department for Culture, Media and Sport",department-for-culture-media-and-sport,3670,906,all
Sunderland City Council,sunderland-city-council,3342,1344,all
Information Commissioner's Office,information-commissioners-office,3312,1743,all
NHS London,nhs-london,3282,1602,all
Office of Rail Regulation,office-of-rail-regulation,3098,1028,all
Office for Low Emission Vehicles,office-for-low-emission-vehicles,2956,1404,all
Homes and Communities Agency,homes-and-communities-agency,2702,1400,all
Geoplace,geoplace,2624,660,all
Cambridgeshire County Council,cambridgeshire-county-council,2563,945,all
British Waterways,british-waterways,2549,233,all
Collections Trust,collections-trust,2467,1221,all
Driver and Vehicle Licensing Agency,driver-and-vehicle-licensing-agency,2417,1203,all
The National Archives,the-national-archives,2416,551,all
NHS Reference Costs,nhs-reference-costs,2386,849,all
Marine Management Organisation,marine-management-organisation,2386,1188,all
Higher Education Statistics Agency,higher-education-statistics-agency,2381,1040,all
National Records of Scotland,national-records-of-scotland,2306,600,all
Care Quality Commission,care-quality-commission,2232,562,all
Department of Agriculture and Rural Development,department-of-agriculture-and-rural-development,2156,865,all
DirectGov,directgov,1967,901,all
"Office for Standards in Education, Children's Services and Skills",office-for-standards-in-education-childrens-services-and-skills,1894,410,all
Land & Property Services,land-property-services,1785,568,all
Lichfield District Council,lichfield-district-council,1739,237,all
North West Public Health Observatory,north-west-public-health-observatory,1724,893,all
University of Edinburgh,university-of-edinburgh,1707,786,all
Independent Police Complaints Commission,independent-police-complaints-commission,1660,593,all
Criminal Records Bureau,criminal-records-bureau,1650,557,all
Keep Britain Tidy,keep-britain-tidy,1648,416,all
"Centre for Environment, Fisheries & Aquaculture Science",centre-for-environment-fisheries-aquaculture-science,1644,773,all
Department of Education,department-of-education,1619,1067,all
HM Passport Office,hm-passport-office,1572,551,all
Valuation Office Agency,valuation-office-agency,1467,545,all
Passenger Focus,passenger-focus,1445,596,all
Serious Organised Crime Agency,serious-organised-crime-agency,1403,744,all
Department of Enterprise Trade and Investment,department-of-enterprise-trade-and-investment,1321,812,all
Monmouthshire County Council,monmouthshire-county-council,1309,594,all
London Borough of Brent,london-borough-of-brent,1305,281,all
Commission for Architecture and the Built Environment,commission-for-architecture-and-the-built-environment,1269,626,all
Rural Payments Agency,rural-payments-agency,1257,549,all
Harrogate Borough Council,harrogate-borough-council,1254,219,all
National Treatment Agency for Substance Misuse,national-treatment-agency-for-substance-misuse,1229,421,all
Serious Fraud Office,serious-fraud-office,1152,288,all
Sport England,sport-england,1109,289,all
"Department of Culture, Arts and Leisure",department-of-culture-arts-and-leisure,1097,402,all
FCO Services,fco-services,1096,216,all
Tenant Services Authority,tenant-services-authority,1078,550,all
The British Museum,the-british-museum,1077,352,all
Civil Aviation Authority,civil-aviation-authority,1075,173,all
Office of Qualifications and Examinations Regulation,office-of-qualifications-and-examinations-regulation,1073,484,all
NHS England,nhs-england,1072,311,all
Hampshire County Council,hampshire-county-council,1062,269,all
Victoria & Albert Museum,victoria-albert-museum,1059,451,all
Arts Council England,arts-council-england,1044,351,all
Department of the Environment,department-of-the-environment,1035,476,all
HM Inspectorate of Constabulary,hm-inspectorate-of-constabulary,1027,174,all
BIG Lottery Fund,big-lottery-fund,1008,390,all
Coal Authority,coal-authority,1001,381,all
Office of Communications,office-of-communications,989,227,all
Central Office of Information,central-office-of-information,978,276,all
Norfolk County Council,norfolk-county-council,963,225,all
Health Protection Agency,health-protection-agency,944,318,all
Leeds City Council,leeds-city-council,910,301,all
National Offender Management Service,national-offender-management-service,901,345,all
Tate,tate,896,280,all
Planning Inspectorate,planning-inspectorate,887,348,all
The British Library,the-british-library,855,284,all
Westminster City Council,westminster-city-council,853,106,all
Higher Education Funding Council for England,higher-education-funding-council-for-england,842,231,all
British Transport Police Authority,british-transport-police-authority,839,360,all
Devon Partnership NHS Trust,devon-partnership-nhs-trust,831,66,all
Olympic Delivery Authority,olympic-delivery-authority,828,169,all
Medical Research Council,medical-research-council,823,260,all
National Fraud Authority,national-fraud-authority,807,391,all
Belfast City Council,belfast-city-council,798,221,all
Defence Science and Technology Laboratory,defence-science-and-technology-laboratory,797,327,all
Charity Commission for England and Wales,charity-commission-for-england-and-wales,793,218,all
Department for Regional Development,department-for-regional-development,793,443,all
Public Health England,public-health-england,791,341,all
The Food and Environment Research Agency,the-food-and-environment-research-agency,790,282,all
Department of Justice,department-of-justice,778,289,all
Derby City Council,derby-city-council,771,125,all
Sheffield City Council,sheffield-city-council,757,69,all
London Borough of Sutton,london-borough-of-sutton,745,170,all
Office of Gas and Electricity Markets,office-of-gas-and-electricity-markets,745,151,all
Student Loans Company Limited,student-loans-company-limited,743,186,all
Salford City Council,salford-city-council,736,62,all
Department of Finance and Personnel,department-of-finance-and-personnel,730,400,all
The Disclosure and Barring Service,the-disclosure-and-barring-service,729,190,all
Northern Ireland Office,northern-ireland-office,729,228,all
Wychavon District Council,wychavon-district-council,710,62,all
Spikes Cavell Analytic Ltd,spikes-cavell-analytic-ltd,701,436,all
Science and Technology Facilities Council,science-and-technology-facilities-council,700,116,all
Natural History Museum,natural-history-museum,668,137,all
Department for Social Development,department-for-social-development,658,415,all
Audit Commission,audit-commission,654,87,all
Scottish Court Service,scottish-court-service,630,308,all
Halton Borough Council,halton-borough-council,628,56,all
Copeland Borough Council,copeland-borough-council,626,69,all
Transport for London,transport-for-london,622,169,all
Joint Nature Conservation Committee,joint-nature-conservation-committee,611,136,all
Wiltshire Council,wiltshire-council,600,212,all
The Pensions Regulator,the-pensions-regulator,581,192,all
Government Procurement Service,government-procurement-service,577,258,all
Gambling Commission,gambling-commission,559,128,all
Wales Office,wales-office,554,106,all
Human Fertilisation and Embryology Authority,human-fertilisation-and-embryology-authority,553,69,all
Intellectual Property Office,intellectual-property-office,551,120,all
National Measurement Office,national-measurement-office,551,172,all
North Lincolnshire Council,north-lincolnshire-council,539,100,all
Birmingham City Council,birmingham-city-council,538,139,all
Cranfield University,cranfield-university,527,131,all
Office for Civil Society,office-for-civil-society,516,185,all
North York Moors National Park Authority,north-york-moors-national-park-authority,511,36,all
Directly Operated Railways Limited,directly-operated-railways,510,177,all
Office of Fair Trading,office-of-fair-trading,508,167,all
Chartered Institute of Public Finance and Accountancy,chartered-institute-of-public-finance-and-accountancy,507,319,all
Arts and Humanities Research Council,arts-and-humanities-research-council,501,51,all
Child Maintenance and Enforcement Commission,child-maintenance-and-enforcement-commission,500,134,all
Hillsborough Independent Panel,hillsborough-independent-panel,493,225,all
Exmoor National Park Authority,exmoor-national-park,489,34,all
"Royal Botanic Gardens, Kew",royal-botanic-gardens-kew,486,258,all
Monitor - Independent Regulator of NHS Foundation Trusts,monitor--independent-regulator-of-nhs-foundation-trusts,484,201,all
UK Border Agency,uk-border-agency,481,205,all
Marine Environmental Data & Information Network,marine-environmental-data-information-network,477,84,all
Biotechnology and Biological Sciences Research Council,biotechnology-and-biological-sciences-research-council,471,76,all
Natural Environment Research Council,natural-environment-research-council,470,241,all
City of London,city-of-london,468,23,all
"Advisory, Conciliation and Arbitration Service",advisory-conciliation-and-arbitration-service,465,74,all
Engineering and Physical Sciences Research Council,engineering-and-physical-sciences-research-council,463,200,all
UK Commission for Employment and Skills,uk-commission-for-employment-and-skills,461,113,all
National Institute for Health and Clinical Excellence,national-institute-for-health-and-clinical-excellence,458,66,all
HM Courts Service,hm-courts-service,455,85,all
Worcestershire County Council,worcestershire-county-council,455,61,all
Scotland Office,scotland-office,447,91,all
Technology Strategy Board,technology-strategy-board,443,118,all
Office of the Prime Minister,office-of-the-prime-minister,441,102,all
Renewable Fuels Agency,renewable-fuels-agency,438,58,all
Police Service of Northern Ireland,police-service-of-northern-ireland,436,197,all
NHS Hertfordshire,nhs-hertfordshire,430,168,all
Tamworth Borough Council,tamworth-borough-council,428,39,all
Sandwell Mental Health and Social Care NHS Foundation Trust,sandwell-mental-health-and-social-care-nhs-foundation-trust,426,156,all
Durham County Council,durham-county-council,426,18,all
Rhondda Cynon Taff County Borough Council,rhondda-cynon-taff-county-borough-council,425,24,all
South Derbyshire District Council,south-derbyshire-district-council,424,31,all
Energy Saving Trust,energy-saving-trust,417,181,all
Valuation Tribunal Service,valuation-tribunal-service,416,37,all
North Norfolk District Council,north-norfolk-district-council,415,50,all
East of England Ambulance Service NHS Trust,east-of-england-ambulance-service-nhs-trust,414,132,all
Water Services Regulation Authority,water-services-regulation-authority,398,109,all
Security Industry Authority,security-industry-authority,393,194,all
Export Credits Guarantee Department,export-credits-guarantee-department,393,67,all
Tameside Hospital NHS Foundation Trust,tameside-hospital-nhs-foundation-trust,389,136,all
East Staffordshire Borough Council,east-staffordshire-borough-council,382,81,all
United Kingdom Atomic Energy Authority,united-kingdom-atomic-energy-authority,381,103,all
Government Actuary's Department,government-actuarys-department,371,98,all
George Eliot Hospital NHS Trust,george-eliot-hospital-nhs-trust,368,86,all
Government Digital Services,government-digital-services,364,88,all
Animal Health and Veterinary Laboratories Agency,animal-health-and-veterinary-laboratories-agency,364,188,all
Driving Standards Agency,driving-standards-agency,362,123,all
Capital For Enterprise Ltd,capital-for-enterprise-ltd,353,72,all
Medicines and Healthcare products Regulatory Agency,medicines-and-healthcare-products-regulatory-agency,351,56,all
East Midlands Ambulance Services NHS Trust,east-midlands-ambulance-services-nhs-trust,351,144,all
Cheshire West and Chester Council,cheshire-west-and-chester-council,350,69,all
Teignbridge District Council,teignbridge-district-council,350,51,all
Royal Armouries,royal-armouries,349,56,all
Walsall Hospitals NHS Trust,walsall-hospitals-nhs-trust,343,69,all
Wycombe District Council,wycombe-district-council,342,43,all
NHS North Lincolnshire,nhs-north-lincolnshire,342,6,all
NHS Blood and Transplant,nhs-blood-and-transplant,338,50,all
National Army Museum,national-army-museum,333,71,all
Mansfield District Council,mansfield-district-council,331,14,all
Legal Services Commission,legal-services-commission,328,160,all
Yorkshire Dales National Park Authority,yorkshire-dales-national-park-authority,323,22,all
Defence Support Group,defence-support-group,316,26,all
Youth Justice Board,youth-justice-board,313,136,all
Staffordshire and Stoke on Trent Partnership NHS Trust ,staffordshire-and-stoke-on-trent-partnership-nhs-trust,313,206,all
Veterinary Laboratories Agency,veterinary-laboratories-agency,310,139,all
Commission for Rural Communities,commission-for-rural-communities,310,53,all
Musgrove Park Hospital,musgrove-park-hospital,307,42,all
National Museum of Science and Industry,national-museum-of-science-and-industry,306,128,all
National Lottery Commission,national-lottery-commission,302,142,all
The Insolvency Service,the-insolvency-service,300,119,all
Bournemouth Borough Council,bournemouth-borough-council,299,162,all
Buckinghamshire County Council,buckinghamshire-county-council,299,27,all
Government Equalities Office,government-equalities-office,299,75,all
NHS Litigation Authority,nhs-litigation-authority,295,80,all
Equality and Human Rights Commission,equality-and-human-rights-commission,295,68,all
Training and Development Agency for Schools,training-and-development-agency-for-schools,291,136,all
Imperial College Healthcare NHS Trust,imperial-college-healthcare-nhs-trust,290,94,all
"Barking, Havering and Redbridge University Hospitals NHS Trust",barking-havering-and-redbridge-university-hospitals-nhs-trust,289,35,all
Local Government Ombudsman,local-government-ombudsman,286,45,all
The Mid Yorkshire Hospitals NHS Trust,the-mid-yorkshire-hospitals-nhs-trust,286,52,all
Economic and Social Research Council,economic-and-social-research-council,282,34,all
The National Gallery,the-national-gallery,282,91,all
National Savings and Investments,national-savings-and-investments,281,101,all
Eastleigh Borough Council,eastleigh-borough-council,280,38,all
Service Personnel and Veterans Agency,service-personnel-and-veterans-agency,277,134,all
Attorney General's Office,attorney-generals-office,276,54,all
South West London and St George's Mental Health NHS Trust,south-west-london-and-st-georges-mental-health-nhs-trust,276,13,all
Surrey and Sussex Healthcare NHS Trust,surrey-and-sussex-healthcare-nhs-trust,274,57,all
North West Ambulance Service NHS Trust,north-west-ambulance-service-nhs-trust,274,34,all
South Gloucestershire Council,south-gloucestershire-council,269,90,all
NHS Cornwall and Isles of Scilly,nhs-cornwall-and-isles-of-scilly,269,31,all
Preston City Council,preston-city-council,267,26,all
NHS Leeds,nhs-leeds,262,24,all
Sandwell Metropolitan Borough Council,sandwell-metropolitan-borough-council,261,68,all
National College for Teaching and Leadership,national-college-for-teaching-and-leadership,257,119,all
Torbay and Southern Devon Health and Care NHS Trust,torbay-and-southern-devon-health-and-care-nhs-trust,254,24,all
London Borough of Richmond Upon Thames,london-borough-of-richmond-upon-thames,254,9,all
Liverpool Community Health NHS Trust,liverpool-community-health-nhs-trust,250,41,all
Worcestershire Acute Hospitals NHS Trust,worcestershire-acute-hospitals-nhs-trust,249,10,all
Children and Family Court Advisory and Support Service,children-and-family-court-advisory-and-support-service,249,46,all
Kirklees Council,kirklees-council,248,126,all
Wilton Park Executive Agency,wilton-park-executive-agency,245,34,all
Croydon Health Services NHS Trust,croydon-health-services-nhs-trust,244,68,all
2gether NHS Foundation Trust,2gether-nhs-foundation-trust,242,24,all
Calderstones Partnership NHS Foundation Trust,calderstones-partnership-nhs-foundation-trust,239,61,all
Royal Borough of Windsor and Maidenhead,royal-borough-of-windsor-and-maidenhead,239,32,all
UK Trade and Investment,uk-trade-and-investment,237,119,all
Portsmouth Hospital NHS Trust,portsmouth-hospital-nhs-trust,231,51,all
Maritime and Coastguard Agency,maritime-and-coastguard-agency,231,105,all
Dudley Metropolitan Borough Council,dudley-metropolitan-borough-council,227,3,all
NHS Wiltshire,nhs-wiltshire,225,18,all
Northern Devon Healthcare NHS Trust,northern-devon-healthcare-nhs-trust,223,47,all
Gateshead Council,gateshead-council,221,18,all
Civil Service Learning,civil-service-learning,221,57,all
Veterinary Medicines Directorate,veterinary-medicines-directorate,221,64,all
"Blackpool, Fylde & Wyre Hospitals NHS Foundation Trust",blackpool-fylde-wyre-hospitals-nhs-foundation-trust,220,85,all
The Christie NHS Foundation Trust,the-christie-nhs-foundation-trust,219,29,all
Vehicle Certification Agency,vehicle-certification-agency,215,64,all
Hertfordshire County Council,hertfordshire-county-council,211,78,all
Construction Industry Training Board,construction-industry-training-board,210,91,all
University Hospitals Coventry and Warwickshire NHS Trust,university-hospitals-coventry-and-warwickshire-nhs-trust,210,48,all
Milton Keynes Hospital NHS Foundation Trust,milton-keynes-hospital-nhs-foundation-trust,208,54,all
Office of the First and Deputy First Minister,office-of-the-first-and-deputy-first-minister,208,94,all
Central Manchester University Hospitals NHS Foundation Trust,central-manchester-university-hospitals-nhs-foundation-trust,207,34,all
Lincolnshire Community Health Services NHS Trust,lincolnshire-community-health-services-nhs-trust,207,60,all
Runnymede Borough Council,runnymede-borough-council,205,38,all
West Midlands Strategic Health Authority,west-midlands-strategic-health-authority,204,23,all
Salford Primary Care Trust,salford-primary-care-trust,202,11,all
National College for Leadership of Schools and Children's Services,national-college-for-leadership-of-schools-and-childrens-services,201,85,all
UK Sport,uk-sport,198,21,all
Allerdale Borough Council,allerdale-borough-council,197,32,all
Hull and East Yorkshire Hospitals NHS Trust,hull-and-east-yorkshire-hospitals-nhs-trust,195,58,all
Wirral Metropolitan Borough Council,wirral-metropolitan-borough-council,193,7,all
Thurrock Thames Gateway Development Corporation,thurrock-thames-gateway-development-corporation,191,72,all
Young People's Learning Agency,young-peoples-learning-agency,191,12,all
East Sussex Hospitals NHS Trust,east-sussex-hospitals-nhs-trust,191,59,all
Avon and Wiltshire Mental Health Partnership NHS Trust,avon-and-wiltshire-mental-health-partnership-nhs-trust,188,28,all
Wigan Metropolitan District Council,wigan-metropolitan-district-council,188,84,all
National Maritime Museum,national-maritime-museum,188,45,all
Registers of Scotland,registers-of-scotland,188,18,all
Education Funding Agency,education-funding-agency,187,103,all
Leeds Community Healthcare NHS Trust,leeds-community-healthcare-nhs-trust,187,34,all
St Helens and Knowsley Teaching Hospitals NHS Trust,st-helens-and-knowsley-teaching-hospitals-nhs-trust,186,31,all
Frimley Park Hospital NHS Foundation Trust,frimley-park-hospital-nhs-foundation-trust,186,37,all
UK National Air Quality Archive,uk-national-air-quality-archive,185,11,all
Western Sussex Hospitals NHS Trust,western-sussex-hospitals-nhs-trust,184,25,all
Cheltenham Borough Council,cheltenham-borough-council,184,23,all
Royal Cornwall Hospitals NHS Trust,royal-cornwall-hospitals-nhs-trust,183,47,all
Broads Authority,broads-authority,180,8,all
Kingston Hospital NHS Trust,kingston-hospital-nhs-trust,180,23,all
Department for Employment and Learning,department-for-employment-and-learning,179,93,all
Uk Government,ukgov,178,22,all
Brighton and Sussex University Hospitals NHS Trust,brighton-and-sussex-university-hospitals-nhs-trust,177,88,all
Parole Board,parole-board,176,98,all
Advantage West Midlands,advantage-west-midlands,176,8,all
Derbyshire Dales District Council,derbyshire-dales-district-council,175,14,all
Torbay Care Trust,torbay-care-trust,173,3,all
Cornwall Partnership NHS Foundation Trust,cornwall-partnership-nhs-foundation-trust,173,12,all
Criminal Cases Review Commission,criminal-cases-review-commission,172,85,all
Norfolk Community Health and Care NHS Trust,norfolk-community-health-and-care-nhs-trust,170,11,all
Great Britain-China Centre,great-britain-china-centre,170,43,all
Mersey Care NHS Trust,mersey-care-nhs-trust,170,6,all
Railway Heritage Committee,railway-heritage-committee,169,68,all
London Borough of Tower Hamlets,london-borough-of-tower-hamlets,168,10,all
Dartmoor National Park Authority,dartmoor-national-park-authority,167,19,all
British Council,british-council,167,23,all
Independent Housing Ombudsman,independent-housing-ombudsman,164,38,all
East Devon District Council,east-devon-district-council,164,11,all
The Pennine Acute Hospitals NHS Trust,the-pennine-acute-hospitals-nhs-trust,163,34,all
Imperial War Museum,imperial-war-museum,163,8,all
National Museums Liverpool,national-museums-liverpool,162,56,all
Ashfield District Council,ashfield-district-council,161,12,all
NHS Rotherham,nhs-rotherham,157,19,all
Buckinghamshire Healthcare NHS Trust,buckinghamshire-healthcare-nhs-trust,157,16,all
NHS Kent and Medway,nhs-kent-and-medway,157,26,all
NHS Bath and North East Somerset CCG,nhs-bath-and-north-east-somerset-ccg,156,5,all
Coventry and Warwickshire Partnership NHS Trust,coventry-and-warwickshire-partnership-nhs-trust,155,17,all
London Ambulance Service NHS Trust,london-ambulance-service-nhs-trust,155,22,all
NHS Institute for Innovation and Improvement,nhs-institute-for-innovation-and-improvement,155,40,all
National School of Government,national-school-of-government,154,81,all
North Cumbria University Hospitals NHS Trust,north-cumbria-university-hospitals-nhs-trust,154,40,all
Shropshire Council,shropshire-council,153,6,all
Olympic Lottery Distributor,olympic-lottery-distributor,153,28,all
Royal Borough of Greenwich,royal-borough-of-greenwich,150,52,all
City and County of Swansea,swansea-city-council,149,5,all
Ridgeway Partnership,ridgeway-partnership,149,2,all
"NHS Heywood, Middleton and Rochdale Primary Care Trust",nhs-heywood-middleton-and-rochdale-primary-care-trust,149,9,all
Horserace Betting Levy Board,horserace-betting-levy-board,148,34,all
General Social Care Council,general-social-care-council,146,19,all
Snowdonia National Park Authority,snowdonia-national-park-authority,146,31,all
Kirklees Primary Care Trust,kirklees-primary-care-trust,146,4,all
Burton Hospitals NHS Foundation Trust,burton-hospitals-nhs-foundation-trust,143,14,all
Office of the Immigration Services Commissioner,office-of-the-immigration-services-commissioner,142,77,all
National Association of Local Councils,national-association-of-local-councils,137,5,all
Walsall Council,walsall-council,137,58,all
Woking Borough Council,woking-borough-council,136,31,all
Eurostat,eurostat,136,49,all
Royal Liverpool and Broadgreen University Hospital NHS Trust,royal-liverpool-and-broadgreen-university-hospital-nhs-trust,135,24,all
NHS Bassetlaw,nhs-bassetlaw,134,11,all
Business Services Authority (NHS),business-services-authority-nhs,133,41,all
Trinity House Lighthouse Service,trinity-house-lighthouse-service,132,37,all
NHS Nottingham City,nhs-nottingham-city,132,33,all
Dudley and Walsall Mental Health Partnership NHS Trust,dudley-and-walsall-mental-health-partnership-nhs-trust,131,17,all
Norfolk and Waveney Mental Health NHS Foundation Trust,norfolk-and-waveney-mental-health-nhs-foundation-trust,130,57,all
Wirral Community NHS Trust,wirral-community-nhs-trust,130,33,all
Architects Registration Board,architects-registration-board,130,32,all
Infrastructure Planning Commission,infrastructure-planning-commission,129,62,all
Children's Workforce Development Council,childrens-workforce-development-council,128,26,all
Southwark London Borough Council,southwark-london-borough-council,126,4,all
Competition Commission,competition-commission,125,33,all
The Royal Parks,the-royal-parks,125,19,all
Companies Investigation Branch,companies-investigation-branch,125,43,all
Bodmin Town Council,bodmin-town-council,124,26,all
Gateshead Primary Care Trust,gateshead-primary-care-trust,124,43,all
Sustainable Development Commission,sustainable-development-commission,123,36,all
East Riding of Yorkshire Council,east-riding-of-yorkshire-council,123,6,all
UK Supreme Court,uk-supreme-court,123,65,all
The Wallace Collection,the-wallace-collection,122,27,all
Royal Free Hampstead NHS Trust,royal-free-hampstead-nhs-trust,122,36,all
The Northern Lighthouse Board,the-northern-lighthouse-board,122,33,all
Epsom and St Helier University Hospitals NHS Trust,epsom-and-st-helier-university-hospitals-nhs-trust,121,22,all
NHS Knowsley,nhs-knowsley,121,10,all
Derbyshire Mental Health Services NHS Trust,derbyshire-mental-health-services-nhs-trust,121,22,all
Basildon and Thurrock University Hospitals NHS Foundation Trust,basildon-and-thurrock-university-hospitals-nhs-foundation-trust,121,20,all
Buying Solutions,buying-solutions,121,26,all
Northumberland County Council,northumberland-county-council,121,37,all
Guys and St Thomas NHS Foundation Trust,guys-and-st-thomas-nhs-foundation-trust,120,21,all
East Lancashire Hospitals NHS Trust,east-lancashire-hospitals-nhs-trust,119,29,all
Whittington Hospital NHS Trust,whittington-hospital-nhs-trust,119,11,all
NHS North Staffordshire,nhs-north-staffordshire,119,24,all
Barnsley Primary Care Trust,barnsley-primary-care-trust,119,10,all
Kent County Council,kent-county-council,119,48,all
National Employment Savings Trust,national-employment-savings-trust,118,33,all
South Warwickshire NHS Foundation Trust,south-warwickshire-nhs-foundation-trust,118,30,all
London Thames Gateway Development Corporation,london-thames-gateway-development-corporation,118,28,all
North Middlesex University Hospital NHS Trust,north-middlesex-university-hospital-nhs-trust,117,23,all
NHS Stoke on Trent,nhs-stoke-on-trent,117,6,all
Sea Fish Industry Authority,sea-fish-industry-authority,116,19,all
NHS Derbyshire County,nhs-derbyshire-county,116,1,all
Worcestershire Health and Care NHS Trust,worcestershire-health-and-care-nhs-trust,115,6,all
Museum of Science and Industry,museum-of-science-and-industry,114,14,all
Council for Healthcare Regulatory Excellence,council-for-healthcare-regulatory-excellence,113,10,all
NHS Business Services Authority,nhs-business-services-authority,112,28,all
Bradford District Care Trust,bradford-district-care-trust,112,14,all
NHS Bury,nhs-bury,112,11,all
United Lincolnshire Hospitals NHS Trust,united-lincolnshire-hospitals-nhs-trust,111,24,all
Dorset County Council,dorset-county-council,111,7,all
Mole Valley District Council,mole-valley-district-council,111,11,all
Pembrokeshire Coast National Park Authority,pembrokeshire-coast-national-park-authority,111,4,all
Legal Services Board,legal-services-board,110,40,all
Partnerships for Schools,partnerships-for-schools,109,50,all
Dudley Group of Hospitals NHS Foundation Trust,dudley-group-of-hospitals-nhs-foundation-trust,109,7,all
Office of the Children's Commissioner,office-of-the-childrens-commissioner,109,51,all
Sheffield Primary Care Trust,sheffield-primary-care-trust,109,19,all
Surrey County Council,surrey-county-council,109,27,all
Agri-Food and Biosciences Institute,agri-food-and-biosciences-institute,109,48,all
North Tyneside Metropolitan Borough Council,north-tyneside-metropolitan-borough-council,108,19,all
Bracknell Forest Council,bracknell-forest-council,108,20,all
HM Inspectorate of prisions,hm-inspectorate-of-prisions,106,46,all
Airedale NHS Foundation Trust,airedale-nhs-foundation-trust,105,19,all
Southampton City Primary Care Tust,southampton-city-primary-care-tust,105,31,all
Office for Budget Responsibility,office-for-budget-responsibility,105,18,all
Lewisham Primary Care Trust,lewisham-primary-care-trust,104,33,all
National Health Service,national-health-service,104,6,all
Newcastle Primary Care Trust,newcastle-primary-care-trust,104,16,all
The Royal Orthopaedic Hospital NHS Foundation Trust,the-royal-orthopaedic-hospital-nhs-foundation-trust,103,24,all
British Tourist Authority,british-tourist-authority,103,24,all
National Policing Improvement Agency,national-policing-improvement-agency,103,28,all
Solent NHS Trust,solent-nhs-trust,103,10,all
NHS Great Yarmouth and Waveney,nhs-great-yarmouth-and-waveney,102,4,all
NHS Wolverhampton CCG,nhs-wolverhampton-ccg,101,5,all
Central and Eastern Cheshire Primary Care NHS Trust,central-and-eastern-cheshire-primary-care-nhs-trust,101,16,all
NHS Bedfordshire,nhs-bedfordshire,101,17,all
North Bristol NHS Trust,north-bristol-nhs-trust,101,16,all
North West London Hospitals NHS Trust,north-west-london-hospitals-nhs-trust,100,17,all
Stockport Primary Care Trust,stockport-primary-care-trust,100,22,all
Independent Living Fund,independent-living-fund,100,20,all
Devon County Council,devon-county-council,99,28,all
NHS Hull,nhs-hull,99,4,all
Newham Primary Care Trust,newham-primary-care-trust,99,10,all
University College London Hospital NHS Foundation Trust,university-college-london-hospital-nhs-foundation-trust,99,20,all
Criminal Injuries Compensation Authority,criminal-injuries-compensation-authority,99,30,all
North West Specialised Commissioning Team,north-west-specialised-commissioning-team,97,34,all
Hull City Council,hull-city-council,96,27,all
NHS Great Yarmouth and Waveney CCG,nhs-great-yarmouth-and-waveney-ccg,96,4,all
Manchester Primary Care Trust,manchester-primary-care-trust,96,28,all
Ryedale District Council,ryedale-district-council,96,17,all
Lincolnshire Partnership NHS Foundation Trust,lincolnshire-partnership-nhs-foundation-trust,96,18,all
Horniman Public Museum & Public Park Trust,horniman-public-museum-public-park-trust,96,13,all
Football Licensing Authority,football-licensing-authority,95,17,all
North Yorkshire and York Primary Care Trust,north-yorkshire-and-york-primary-care-trust,95,11,all
St Austell Town Council,st-austell-town-council,94,9,all
Aylesbury Vale District Council,aylesbury-vale-district-council,94,5,all
NHS East Riding of Yorkshire,nhs-east-riding-of-yorkshire,94,9,all
Liverpool Primary Care Trust,liverpool-primary-care-trust,93,10,all
Prisons and Probation Ombudsman,prisons-and-probation-ombudsman,93,28,all
Southampton City Council,southampton-city-council,92,23,all
NHS Hampshire,nhs-hampshire,92,12,all
NHS East of England Strategic Health Authority,nhs-east-of-england-strategic-health-authority,92,4,all
Luton Borough Council,luton-borough-council,91,29,all
Fire Service College,fire-service-college,91,24,all
Southport and Ormskirk Hospital NHS Trust,southport-and-ormskirk-hospital-nhs-trust,91,16,all
NHS Bournemouth & Poole,nhs-bournemouth-poole,91,22,all
Hartlepool Primary Care Trust,hartlepool-primary-care-trust,90,9,all
Sunderland Teaching Primary Care Trust,sunderland-teaching-primary-care-trust,90,5,all
HM Crown Prosecution Service Inspectorate,hm-crown-prosecution-service-inspectorate,90,7,all
NHS Wiltshire CCG,nhs-wiltshire-ccg,90,0,all
Derbyshire Community Health Services,derbyshire-community-health-services,90,6,all
Barts and The London NHS Trust,barts-and-the-london-nhs-trust,89,12,all
NHS Nottingham North & East CCG,nhs-nottingham-north-east-ccg,89,20,all
North East Ambulance Service NHS Trust,north-east-ambulance-service-nhs-trust,89,17,all
Cafcass,cafcass,89,11,all
Sandwell & West Birmingham Hospitals NHS Trust,sandwell-west-birmingham-hospitals-nhs-trust,89,14,all
NHS South West,nhs-south-west,89,11,all
Birmingham and Solihull Mental Health NHS Foundation Trust,birmingham-and-solihull-mental-health-nhs-foundation-trust,89,13,all
NHS Brighton and Hove CCG,nhs-brighton-and-hove-ccg,88,0,all
Nottingham University Hospitals NHS Trust,nottingham-university-hospitals-nhs-trust,88,25,all
NHS County Durham,nhs-county-durham,88,6,all
London Borough of Barnet,london-borough-of-barnet,88,4,all
Northampton Borough Council,northampton-borough-council,88,8,all
Leeds Teaching Hospitals NHS Trust,leeds-teaching-hospitals-nhs-trust,87,35,all
West Northamptonshire Development Corporation,west-northamptonshire-development-corporation,87,18,all
Visit England,visit-england,86,19,all
NHS North West,nhs-north-west,86,2,all
The Shrewsbury and Telford Hospital NHS Trust,the-shrewsbury-and-telford-hospital-nhs-trust,86,27,all
Worcestershire Primary Care Trust,worcestershire-primary-care-trust,86,1,all
The Churches Conservation Trust,the-churches-conservation-trust,85,8,all
Tower Hamlets PCT,tower-hamlets-pct,85,8,all
Leicester City Council,leicester-city-council,83,2,all
Oldham Primary Care Trust,oldham-primary-care-trust,82,0,all
Maidstone and Tunbridge Wells NHS Trust,maidstone-and-tunbridge-wells-nhs-trust,82,26,all
UK Space Agency,uk-space-agency,82,21,all
City and Hackney Primary Care Trust,city-and-hackney-primary-care-trust,82,20,all
Alder Hey Children's NHS Foundation Trust,alder-hey-childrens-nhs-foundation-trust,82,18,all
Sandwell Primary Care Trust,sandwell-primary-care-trust,82,6,all
Independent Safeguarding Authority,independent-safeguarding-authority,82,26,all
NHS Central Lancashire,nhs-central-lancashire,82,8,all
Appointments Commission,appointments-commission,81,7,all
NHS West Sussex,nhs-west-sussex,81,2,all
Government Car and Despatch Agency,government-car-and-despatch-agency,81,39,all
Scottish Prison Service,scottish-prison-service,81,29,all
Pensions Ombudsman,pensions-ombudsman,79,20,all
NHS Stockport CCG,nhs-stockport-ccg,79,22,all
The Genome Analysis Centre,the-genome-analysis-centre,79,42,all
Firebuy,firebuy,79,3,all
Colchester Hospital University NHS Foundation Trust,colchester-hospital-university-nhs-foundation-trust,79,9,all
Blackburn with Darwen Council,blackburn-with-darwen-council,79,32,all
Bridgewater Community Healthcare NHS Trust,bridgewater-community-healthcare-nhs-trust,78,16,all
NHS Derby City,nhs-derby-city,78,7,all
Portsmouth City Primary Care Trust,portsmouth-city-primary-care-trust,78,7,all
The Royal Wolverhampton Hospitals NHS Trust,the-royal-wolverhampton-hospitals-nhs-trust,77,9,all
Skills for Care,skills-for-care,77,28,all
Calderdale Metropolitan Borough Council,calderdale-metropolitan-borough-council,77,3,all
Doncaster PCT,doncaster-pct,77,1,all
Swindon Primary Care Trust,swindon-primary-care-trust,76,17,all
City of York Council,city-of-york-council,76,7,all
Royal Air Force Museum,royal-air-force-museum,76,17,all
St George's Healthcare NHS Trust,st-george-s-healthcare-nhs-trust,76,13,all
Local Government Boundary Commission for England,local-government-boundary-commission-for-england,75,7,all
Shropshire County Primary Care Trust,shropshire-county-primary-care-trust,75,15,all
"Wrightington, Wigan & Leigh NHS Foundation Trust",wrightington-wigan-leigh-nhs-foundation-trust,74,9,all
Royal Borough of Kensington and Chelsea,royal-borough-of-kensington-and-chelsea,73,4,all
Manchester Mental Health and Social Care Trust,manchester-mental-health-and-social-care-trust,73,36,all
North Tyneside Primary Care Trust,north-tyneside-primary-care-trust,73,7,all
Public Lending Right,public-lending-right,72,2,all
School Food Trust,school-food-trust,72,25,all
NHS Central Manchester CCG,nhs-central-manchester-ccg,71,4,all
National Survey for Wales,national-survey-for-wales,71,21,all
Shropshire Community Health NHS Trust,shropshire-community-health-nhs-trust,71,3,all
NHS Salford CCG,nhs-salford-ccg,71,11,all
Heart of Birmingham teaching Primary Care Trust,heart-of-birmingham-teaching-primary-care-trust,71,4,all
Royal United Hospital Bath NHS Trust,royal-united-hospital-bath-nhs-trust,70,34,all
Sussex Community NHS Trust,sussex-community-nhs-trust,70,15,all
Isle of Wight NHS Trust,isle-of-wight-nhs-trust,70,11,all
Newham University Hospital NHS Trust,newham-university-hospital-nhs-trust,69,22,all
Hambleton District Council,hambleton-district-council,69,10,all
London Borough of Waltham Forest,london-borough-of-waltham-forest,69,11,all
East Midlands Strategic Health Authority,east-midlands-strategic-health-authority,69,14,all
Birmingham East and North Primary Care Trust,birmingham-east-and-north-primary-care-trust,69,5,all
Rotherham Metropolitan District Council,rotherham-metropolitan-district-council,68,28,all
UK Film Council,uk-film-council,68,34,all
NHS Erewash CCG,nhs-erewash-ccg,67,1,all
Liverpool Heart and Chest Hospital NHS Foundation Trust,liverpool-heart-and-chest-hospital-nhs-foundation-trust,67,8,all
London Borough of Harrow,london-borough-of-harrow,67,14,all
Office for Fair Access,office-for-fair-access,67,1,all
Human Tissue Authority,human-tissue-authority,66,20,all
NHS Ashford CCG,nhs-ashford-ccg,66,8,all
Kingston Primary Care Trust,kingston-primary-care-trust,65,7,all
North East Lincolnshire Care Trust Plus,north-east-lincolnshire-care-trust-plus,65,6,all
NHS Canterbury and Coastal CCG,nhs-canterbury-and-coastal-ccg,65,11,all
NHS South Manchester CCG,nhs-south-manchester-ccg,65,12,all
Qualifications and Curriculum Development Agency,qualifications-and-curriculum-development-agency,65,13,all
Plymouth Hospitals NHS Trust,plymouth-hospitals-nhs-trust,65,8,all
Royal College of Paediatrics & Child Health,royal-college-of-paediatrics-child-health,64,7,all
Judicial Appointments Commission,judicial-appointments-commission,64,31,all
South Birmingham Primary Care Trust,south-birmingham-primary-care-trust,64,4,all
Learning and Skills Council/Skills Funding Agency,learning-and-skills-council-skills-funding-agency,64,11,all
West Sussex County Council,west-sussex-county-council,63,14,all
Wolverhampton City Primary Care Trust,wolverhampton-city-primary-care-trust,63,12,all
NHS Mansfield and Ashfield CCG,nhs-mansfield-and-ashfield-ccg,63,5,all
NHS Cheshire and Merseyside Commissioning Support Unit,nhs-cheshire-and-merseyside-commissioning-support-unit,62,4,all
Birmingham Children's NHS Foundation Trust,birmingham-childrens-nhs-foundation-trust,62,2,all
University Hospitals of North Staffordshire,university-hospitals-of-north-staffordshire,62,6,all
NHS Devon,nhs-devon,62,1,all
West Somerset District Council,west-somerset-district-council,62,1,all
Bassetlaw District Council,bassetlaw-district-council,62,2,all
Dacorum Borough Council,dacorum-borough-council,61,24,all
Brighton and Hove City Council,brighton-and-hove-city-council,61,9,all
NHS Sefton,nhs-sefton,61,17,all
South Norfolk District Council,south-norfolk-district-council,61,6,all
Heart of England NHS Foundation Trust,heart-of-england-nhs-foundation-trust,61,15,all
Middlesbrough Primary Care Trust,middlesbrough-primary-care-trust,61,6,all
Regional Development Agencies,regional-development-agencies,61,12,all
East Cheshire NHS Trust,east-cheshire-nhs-trust,61,15,all
One North East,one-north-east,60,6,all
NHS Liverpool CCG,nhs-liverpool-ccg,60,8,all
West and South Yorkshire and Bassetlaw Commissioning Support Unit,west-and-south-yorkshire-and-bassetlaw-commissioning-support-unit,60,34,all
Robert Jones and Agnes Hunt Orthopaedic Hospital NHS Foundation Trust,robert-jones-and-agnes-hunt-orthopaedic-hospital-nhs-foundation-trust,60,43,all
Consumer Focus,consumer-focus,59,17,all
Engineering Construction Industry Training Board,engineering-construction-industry-training-board,59,4,all
NHS Bristol,nhs-bristol,59,11,all
The Queen Elizabeth II Conference Centre,the-queen-elizabeth-ii-conference-centre,59,26,all
Tonbridge and Malling Borough Council,tonbridge-and-malling-borough-council,59,5,all
Salisbury NHS Foundation Trust,salisbury-nhs-foundation-trust,59,15,all
North East Strategic Health Authority,north-east-strategic-health-authority,58,5,all
South East Essex Primary Care Trust,south-east-essex-primary-care-trust,58,2,all
The National Museum of the Royal Navy,the-national-museum-of-the-royal-navy,58,1,all
Leasehold Advisory Service,leasehold-advisory-service,58,10,all
Southampton University Hospitals NHS Trust,southampton-university-hospitals-nhs-trust,57,7,all
Redcar & Cleveland Primary Care Trust,redcar-cleveland-primary-care-trust,57,7,all
South Tyneside Primary Care Trust,south-tyneside-primary-care-trust,57,4,all
Darlington Borough Council,darlington-borough-council,57,22,all
Judicial Office,judicial-office,57,9,all
NHS Southern Derbyshire CCG,nhs-southern-derbyshire-ccg,57,7,all
North Warwickshire Borough Council,north-warwickshire-borough-council,56,8,all
South Central Strategic Health Authority,south-central-strategic-health-authority,55,0,all
London Borough of Hackney,london-borough-of-hackney,55,9,all
Ealing Primary Care Trust,ealing-primary-care-trust,55,8,all
Bedford Borough Council,bedford-borough-council,55,15,all
Bromley PCT,bromley-pct,55,9,all
University Hospitals of Leicester NHS Trust,university-hospitals-of-leicester-nhs-trust,55,5,all
The Royal Marsden NHS Foundation Trust,the-royal-marsden-nhs-foundation-trust,54,18,all
Basingstoke and Deane Borough Council,basingstoke-and-deane-borough-council,53,9,all
The Institute of Food Research,the-institute-of-food-research,53,20,all
National Patient Safety Agency,national-patient-safety-agency,53,14,all
NHS Walsall,nhs-walsall,52,13,all
London Borough of Lambeth,london-borough-of-lambeth,52,19,all
Warrington Primary Care Trust,warrington-primary-care-trust,51,2,all
Babergh District Council,babergh-district-council,51,8,all
Gloucester City Council,gloucester-city-council,51,8,all
Great Western Ambulance Service NHS Trust,great-western-ambulance-service-nhs-trust,51,8,all
New Forest National Park Authority,new-forest-national-park,51,3,all
Winchester and Eastleigh Healthcare NHS Trust,winchester-and-eastleigh-healthcare-nhs-trust,51,3,all
British Educational Communications and Technology Agency,british-educational-communications-and-technology-agency,51,14,all
Lewes District Council,lewes-district-council,50,7,all
NHS Rushcliffe CCG,nhs-rushcliffe-ccg,50,2,all
North Lancashire Teaching PCT,north-lancashire-teaching-pct,50,19,all
Standards for England,standards-for-england,49,10,all
The Pensions Advisory Service,the-pensions-advisory-service,49,10,all
Craven District Council,craven-district-council,49,6,all
NHS Somerset,nhs-somerset,49,2,all
Postal Services Commission,postal-services-commission,49,8,all
Gedling Borough Council,gedling-borough-council,48,11,all
Isle of Wight NHS Primary Care Trust,isle-of-wight-nhs-primary-care-trust,48,5,all
"Ashton, Leigh and Wigan Community Healthcare NHS Trust",ashton-leigh-and-wigan-community-healthcare-nhs-trust,48,4,all
London Borough of Bexley,london-borough-of-bexley,48,8,all
London Borough of Redbridge,london-borough-of-redbridge,47,19,all
Oxfordshire Primary Care Trust,oxfordshire-primary-care-trust,47,8,all
NHS Hillingdon,nhs-hillingdon,47,4,all
The John Innes Centre,the-john-innes-centre,47,22,all
London Borough of Bromley,london-borough-of-bromley,47,4,all
Leicestershire Partnership NHS Trust,leicestershire-partnership-nhs-trust,47,14,all
Nottinghamshire Healthcare NHS Trust,nottinghamshire-healthcare-nhs-trust,47,12,all
NHS Fylde and Wyre CCG,nhs-fylde-and-wyre-ccg,46,8,all
Oxfordshire Learning Disability NHS Trust,oxfordshire-learning-disability-nhs-trust,46,4,all
The Ipswich Hospital NHS Trust,the-ipswich-hospital-nhs-trust,46,11,all
East Cambridgeshire District Council,east-cambridgeshire-district-council,46,5,all
Blaby District Council,blaby-district-council,46,9,all
Stockton-on-Tees Borough Council,stockton-on-tees-borough-council,46,22,all
NHS Plymouth,nhs-plymouth,46,6,all
London Borough of Islington,london-borough-of-islington,46,16,all
Wyre Borough Council,wyre-borough-council,45,3,all
Marshall Aid Commemoration Commission,marshall-aid-commemoration-commission,45,5,all
NHS North Manchester CCG,nhs-north-manchester-ccg,45,11,all
NHS Doncaster CCG,nhs-doncaster-ccg,44,7,all
Committee on Climate Change,committee-on-climate-change,44,8,all
NHS Surrey,nhs-surrey,44,6,all
CDC,community-development-corporation,44,10,all
London Borough of Westminster,london-borough-of-westminster,44,4,all
NHS Tameside & Glossop,nhs-tameside-glossop,44,1,all
South East Coast Ambulance Service,south-east-coast-ambulance-service,44,5,all
NHS Barnsley CCG,nhs-barnsley-ccg,44,1,all
Dartford and Gravesham NHS Trust,dartford-and-gravesham-nhs-trust,43,3,all
West Midlands Ambulance Service NHS Trust,west-midlands-ambulance-service-nhs-trust,43,11,all
Medway Primary Care Trust,medway-primary-care-trust,43,4,all
NHS South East Coast,nhs-south-east-coast,43,1,all
Coventry & Warwickshire Partnership NHS Trust,coventry-warwickshire-partnership-nhs-trust,43,0,all
Harlow Council,harlow-council,43,6,all
NHS Greater Preston CCG,nhs-greater-preston-ccg,43,4,all
NHS Blackpool CCG,nhs-blackpool-ccg,42,2,all
Yorkshire Ambulance Service NHS Trust,yorkshire-ambulance-service-nhs-trust,42,9,all
South Central Ambulance Service NHS Trust,south-central-ambulance-service-nhs-trust,42,21,all
Defence Academy of the United Kingdom,defence-academy-of-the-united-kingdom,42,17,all
Northumberland Care Trust,northumberland-care-trust,42,5,all
North Staffordshire Combined Healthcare NHS Trust,north-staffordshire-combined-healthcare-nhs-trust,41,7,all
Yorkshire Forward,yorkshire-forward,41,3,all
The Hillingdon Hospitals NHS Foundation Trust,the-hillingdon-hospitals-nhs-foundation-trust,41,7,all
Queen Victoria Hospital NHS Foundation Trust,queen-victoria-hospital-nhs-foundation-trust,41,6,all
NHS Warwickshire,nhs-warwickshire,41,7,all
The Geffrye Museum,the-geffrye-museum,41,9,all
London Borough of Camden,london-borough-of-camden,41,2,all
Christchurch Borough Council,christchurch-borough-council,41,5,all
NHS Nottingham West CCG,nhs-nottingham-west-ccg,40,2,all
NHS Solihull CCG,nhs-solihull-ccg,40,2,all
NHS Havering,nhs-havering,40,17,all
Great Yarmouth and Waveney Primary Care Trust,great-yarmouth-and-waveney-primary-care-trust,39,2,all
Ashford and St. Peter's Hospitals NHS Trust,ashford-and-st-peters-hospitals-nhs-trust,39,0,all
NHS Bradford City CCG,nhs-bradford-city-ccg,39,6,all
NHS Islington,nhs-islington,39,0,all
Dudley Primary Care Trust,dudley-primary-care-trust,39,10,all
Museums Libraries and Archives Council,museums-libraries-and-archives-council,38,1,all
London Borough of Merton,london-borough-of-merton,38,8,all
NHS Blackburn and Darwen CCG,nhs-blackburn-and-darwen-ccg,38,4,all
NHS Newark & Sherwood CCG,nhs-newark-sherwood-ccg,37,5,all
NHS North Derbyshire CCG,nhs-north-derbyshire-ccg,37,1,all
Lancashire Care NHS Foundation Trust,lancashire-care-nhs-foundation-trust,37,2,all
Queen Elizabeth II Conference Centre,queen-elizabeth-ii-conference-centre,37,2,all
NHS Oldham CCG,nhs-oldham-ccg,37,8,all
South Northamptonshire Council,south-northamptonshire-council,37,7,all
North Somerset Council,north-somerset-council,36,10,all
NHS Coastal West Sussex CCG,nhs-coastal-west-sussex-ccg,36,2,all
NHS Isle of Wight CCG,nhs-isle-of-wight-ccg,36,6,all
NHS Wigan Borough CCG,nhs-wigan-borough-ccg,36,2,all
Brent Primary Care Trust,brent-primary-care-trust,36,3,all
NHS Wirral,nhs-wirral,35,2,all
National Heritage Memorial Fund,national-heritage-memorial-fund,35,0,all
Boston Borough Council,boston-borough-council,35,5,all
Office of the Advocate General of Scotland,office-of-the-advocate-general-of-scotland,35,12,all
Corby Borough Council,corby-borough-council,35,8,all
NHS Berkshire East,nhs-berkshire-east,35,3,all
Wirral Council,wirral-council,35,11,all
NHS Bassetlaw CCG,nhs-bassetlaw-ccg,35,6,all
NHS Rotherham CCG,nhs-rotherham-ccg,34,5,all
NHS Bradford Districts CCG,nhs-bradford-districts-ccg,34,6,all
NHS Bath & North East Somerset PCT,nhs-bath-north-east-somerset-pct,34,4,all
Scarborough and North East Yorkshire Healthcare NHS Trust,scarborough-and-north-east-yorkshire-healthcare-nhs-trust,34,2,all
Milton Keynes Primary Care Trust,milton-keynes-primary-care-trust,34,7,all
Solihull Primary Care Trust,solihull-primary-care-trust,34,4,all
South West Essex PCT,south-west-essex-pct,34,0,all
Greater London Authority,greater-london-authority,34,7,all
Gloucestershire County Council,gloucestershire-county-council,33,2,all
Mid Staffordshire NHS Foundation Trust,mid-staffordshire-nhs-foundation-trust,33,3,all
NHS Trust Development Authority,nhs-trust-development-authority,33,5,all
South Staffordshire and Shropshire Healthcare NHS Foundation Trust,south-staffordshire-and-shropshire-healthcare-nhs-foundation-trust,32,8,all
NHS South Norfolk CCG,nhs-south-norfolk-ccg,32,2,all
Weston Area Health NHS Trust,weston-area-health-nhs-trust,32,6,all
NHS Sheffield CCG,nhs-sheffield-ccg,32,3,all
NHS Barking and Dagenham,nhs-barking-and-dagenham,32,5,all
NHS South Sefton CCG,nhs-south-sefton-ccg,32,7,all
Barnet Primary Care Trust,barnet-primary-care-trust,32,4,all
NHS Blackpool,nhs-blackpool,31,2,all
West Dorset District Council,west-dorset-district-council,31,6,all
Borough Council of King's Lynn & West Norfolk,borough-council-of-kings-lynn-west-norfolk,31,9,all
Blackburn with Darwen Care Trust Plus,blackburn-with-darwen-care-trust-plus,31,6,all
NHS Bolton,nhs-bolton,31,4,all
Society of Information Technology Management,society-of-information-technology-management,30,6,all
St Albans City and District Council,st-albans-city-and-district-council,30,3,all
Hartlepool Borough Council,hartlepool-borough-council,30,11,all
North Hertfordshire District Council,north-hertfordshire-district-council,30,3,all
Cumbria Primary Care Trust,cumbria-primary-care-trust,30,3,all
NHS East Lancashire CCG,nhs-east-lancashire-ccg,30,1,all
"NHS Ashton, Leigh and Wigan",nhs-ashton-leigh-and-wigan,30,3,all
NHS Southport and Formby CCG,nhs-southport-and-formby-ccg,30,0,all
United Kingdom Environmental Observation Monitoring Programmes,united-kingdom-environmental-observation-monitoring-programmes,29,18,all
Wolverton and Greenleys Town Council,wolverton-and-greenleys-town-council,29,9,all
Westminster Foundation for Democracy,westminster-foundation-for-democracy,28,2,all
Plymouth NHS Primary Care Trust,plymouth-nhs-primary-care-trust,28,4,all
"NHS Airedale, Wharfedale and Craven CCG",nhs-airedale-wharfedale-and-craven-ccg,28,5,all
University Hospitals of Morecambe Bay NHS Foundation Trust,university-hospitals-of-morecambe-bay-nhs-foundation-trust,28,8,all
Fareham Borough Council,fareham-borough-council,28,4,all
Tendring District Council,tendring-district-council,27,8,all
Wrexham County Borough Council,wrexham-county-borough-council,27,2,all
NHS Western Cheshire,nhs-western-cheshire,27,1,all
"NHS Eastbourne, Hailsham and Seaford CCG",nhs-eastbourne-hailsham-and-seaford-ccg,27,1,all
NHS Darlington,nhs-darlington,27,2,all
NHS North East Lincolnshire CCG,north-east-lincolnshire-ccg,27,0,all
NHS Leicester City,nhs-leicester-city,27,3,all
NHS Hardwick CCG,nhs-hardwick-ccg,26,1,all
NHS Chorley and South Ribble CCG,nhs-chorley-and-south-ribble-ccg,26,1,all
NHS West Lancashire CCG,nhs-west-lancashire-ccg,26,0,all
Cherwell District Council,cherwell-district-council,26,5,all
NHS Yorkshire and the Humber,nhs-yorkshire-and-the-humber,26,3,all
NHS Sandwell and West Birmingham CCG,nhs-sandwell-and-west-birmingham-ccg,25,1,all
Northumberland National Park Authority,northumberland-national-park-authority,25,1,all
NHS South Lincolnshire CCG,nhs-south-lincolnshire-ccg,25,3,all
Trafford Healthcare NHS Trust,trafford-healthcare-nhs-trust,24,2,all
NHS Dudley CCG,nhs-dudley-ccg,24,4,all
Hastings Borough Council,hastings-borough-council,23,1,all
Richmond and Twickenham Primary Care Trust,richmond-and-twickenham-primary-care-trust,23,2,all
Chorley Council,chorley-council,23,6,all
Scottish Consortium for Learning Disability,scottish-consortium-for-learning-disability,23,10,all
London Borough of Hillingdon,london-borough-of-hillingdon,23,7,all
NHS North East Essex,nhs-north-east-essex,23,3,all
NHS Telford & Wrekin,nhs-telford-wrekin,23,2,all
NHS Trafford,nhs-trafford,23,0,all
Independent Parliamentary Standards Authority,independent-parliamentary-standards-authority,23,4,all
Torfaen County Borough Council,torfaen-county-borough-council,23,5,all
Hereford Hospitals NHS Trust,hereford-hospitals-nhs-trust,23,1,all
NHS Hammersmith and Fulham,nhs-hammersmith-and-fulham,22,2,all
Newark and Sherwood District Council,newark-and-sherwood-district-council,22,4,all
NHS Birmingham Cross City CCG,nhs-birmingham-cross-city-ccg,22,0,all
Commonwealth Scholarship Commission in the UK,commonwealth-scholarship-commission-in-the-uk,22,3,all
Solihull Metropolitan Borough Council,solihull-metropolitan-borough-council,22,5,all
NHS Lancashire North CCG,nhs-lancashire-north-ccg,22,2,all
South Ribble Borough Council,south-ribble-borough-council,22,5,all
Newcastle City Council,newcastle-city-council,21,3,all
Buckinghamshire Primary Care Trust,buckinghamshire-primary-care-trust,21,2,all
Northern Ireland Cancer Registry,northern-ireland-cancer-registry,21,7,all
South Staffordshire Council,south-staffordshire-council,21,5,all
HM Inspectorate of Probation,hm-inspectorate-of-probation,21,3,all
Rushmoor Borough Council,rushmoor-borough-council,21,1,all
NHS Redbridge,nhs-redbridge,21,4,all
Standards and Testing Agency,standards-and-testing-agency,21,4,all
Merthyr Tydfil County Borough Council,merthyr-tydfil-county-borough-council,21,2,all
Worcestershire Mental Health Partnership NHS Trust,worcestershire-mental-health-partnership-nhs-trust,21,5,all
NHS Gloucestershire,nhs-gloucestershire,20,2,all
Chichester District Council,chichester-district-council,20,8,all
Southwark Primary Care Trust,southwark-primary-care-trust,20,1,all
Lincolnshire Primary Care Trust,lincolnshire-primary-care-trust,20,0,all
Wakefield District Primary Care Trust,wakefield-district-primary-care-trust,19,3,all
Enfield Primary Care Trust,enfield-primary-care-trust,19,0,all
NHS Coventry,nhs-coventry,19,6,all
Sevenoaks District Council,sevenoaks-district-council,19,2,all
Stockton Primary Care Trust,stockton-primary-care-trust,18,1,all
Surrey Heath Borough Council,surrey-heath-borough-council,18,5,all
NHS East Lancashire,nhs-east-lancashire,18,1,all
UK Anti-Doping,uk-anti-doping,18,0,all
Wakefield Metropolitan District Council,wakefield-metropolitan-district-council,18,1,all
General Register Office for Scotland,general-register-office-for-scotland,17,3,all
NHS High Weald Lewes Haven CCG,nhs-high-weald-lewes-haven-ccg,17,0,all
Bexley Care Trust,bexley-care-trust,17,4,all
Mid Sussex District Council,mid-sussex-district-council,17,4,all
NHS Bolton CCG,nhs-bolton-ccg,16,0,all
Air Accident Investigation Branch,air-accident-investigation-branch,16,0,all
Borough of Broxbourne,borough-of-broxbourne,16,3,all
Cheshire East Council,cheshire-east-council,16,0,all
NHS Eastern and Coastal Kent,nhs-eastern-and-coastal-kent,16,2,all
South Holland District Council,south-holland-district-council,16,6,all
NHS West Cheshire CCG,nhs-west-cheshire-ccg,16,1,all
St Edmundsbury Borough Council,st-edmundsbury-borough-council,16,4,all
South Cambridgeshire District Council,south-cambridgeshire-district-council,16,0,all
Stevenage Borough Council,stevenage-borough-council,16,3,all
Newquay Town Council,newquay-town-council,16,2,all
Torridge District Council,torridge-district-council,15,4,all
NHS Lincolnshire East CCG,nhs-lincolnshire-east-ccg,15,1,all
Royal Borough of Kingston upon Thames,royal-borough-of-kingston-upon-thames,15,5,all
Lambeth Primary Care Trust,lambeth-primary-care-trust,15,2,all
NHS Birmingham South and Central CCG,nhs-birmingham-south-and-central-ccg,14,0,all
North Yorkshire County Council,north-yorkshire-county-council,14,6,all
NHS South Gloucestershire,nhs-south-gloucestershire,14,1,all
Nottinghamshire County Teaching Primary Care Trust,nottinghamshire-county-teaching-primary-care-trust,13,2,all
NHS Vale of York,nhs-vale-of-york,13,1,all
NHS South West Lincolnshire CCG,nhs-south-west-lincolnshire-ccg,13,0,all
NHS Milton Keynes CCG,nhs-milton-keynes-ccg,13,2,all
NHS Bradford and Airedale,nhs-bradford-and-airedale,13,2,all
Marine Accident Investigation Branch,marine-accident-investigation-branch,13,2,all
Coventry Primary Care Trust,coventry-primary-care-trust,13,0,all
East Lindsey District Council,east-lindsey-district-council,13,1,all
NHS Hastings and Rother CCG,nhs-hastings-and-rother-ccg,13,0,all
Standards Board for England,standards-board-for-england,13,0,all
Local Better Regulation Office,local-better-regulation-office,12,1,all
West London Mental Health NHS Trust,west-london-mental-health-nhs-trust,12,1,all
NHS Wandsworth,nhs-wandsworth,12,0,all
NHS East and North Hertfordshire CCG,nhs-east-and-north-hertfordshire-ccg,12,1,all
NHS Warrington CCG,nhs-warrington-ccg,11,2,all
NHS Corby CCG,nhs-corby-ccg,11,0,all
Herefordshire Primary Care Trust,herefordshire-primary-care-trust,11,1,all
NHS St Helens CCG,nhs-st-helens-ccg,11,0,all
NHS East Cheshire CCG,nhs-east-cheshire-ccg,10,0,all
NHS Lincolnshire West CCG,nhs-lincolnshire-west-ccg,10,0,all
NHS Wirral CCG,nhs-wirral-ccg,10,0,all
NHS Harrow,nhs-harrow,10,1,all
Uttlesford District Council,uttlesford-district-council,10,4,all
NHS Nene CCG,nhs-nene-ccg,10,0,all
Cornwall and Isles of Scilly Community Health Services,cornwall-and-isles-of-scilly-community-health-services,9,1,all
Vale of Glamorgan Council,vale-of-glamorgan-council,8,3,all
Purbeck District Council,purbeck-district-council,8,1,all
NHS Dorset,nhs-dorset,8,1,all
Eden District Council,eden-district-council,7,1,all
North Staffordshire Shared Services,north-staffordshire-shared-services,7,0,all
NHS North and West Reading CCG,nhs-north-and-west-reading-ccg,7,0,all
Remploy Limited,remploy-limited,6,0,all
NHS Hull CCG,nhs-hull-ccg,6,1,all
NHS Scarborough and Ryedale CCG,nhs-scarborough-and-ryedale-ccg,6,0,all
"NHS Hambleton, Richmondshire and Whitby CCG",nhs-hambleton-richmondshire-and-whitby-ccg,5,1,all
NHS East Riding of Yorkshire CCG,nhs-east-riding-of-yorkshire-ccg,5,0,all
NHS Aylesbury Vale CCG,nhs-aylesbury-vale-ccg,4,0,all
Taunton and Somerset NHS Foundation Trust,taunton-and-somerset-nhs-foundation-trust,4,0,all
NHS Wakefield CCG,nhs-wakefield-ccg,4,0,all
East Dorset District Council,east-dorset-district-council,3,0,all
NHS Newbury and District CCG,nhs-newbury-and-district-ccg,3,0,all
NHS Wokingham CCG,nhs-wokingham-ccg,3,0,all
Geography and Technology,geography-and-technology,2,0,all
NHS Chiltern CCG,nhs-chiltern-ccg,2,0,all
Forest Heath District Council,forest-heath-district-council,2,0,all
NHS Bracknell and Ascot CCG,nhs-bracknell-and-ascot-ccg,2,0,all
NHS Oxfordshire CCG,nhs-oxfordshire-ccg,1,0,all
NHS Harrogate and Rural District CCG,nhs-harrogate-and-rural-district-ccg,1,0,all
